book_title;Status;author;page_count;reading_time_hhmmss;rating;finished_at;country;genres;amazon_url;reading_time_seconds;cover_filename;URL;ISBN
Walking the Talkin - A Cultura Através do Exemplo;finished;Caolyn Taylor;479;12:00:29;4.5;21/05/2026;EUA;Comunicação, Negócios;;43229;walking-the-talkin-a-cultura-atraves-do-exemplo.jpg;https://www.amazon.com.br/Walking-Talk-Cultura-Atraves-Exemplo/dp/8577736970/ref=sr_1_1?__mk_pt_BR=ÅMÅ_ÕÑ&crid=3194BSVJWL3WF&dib=eyJ2IjoiMSJ9.5tCEId16EZYDlSy3abniZQ.njJ6094rIn63TGtU9duIlv1Wl4QgWkvHW3IXR-neK0Q&dib_tag=se&keywords=walking+the+talking+-+a+cultura+através+do+exemplo&qid=1784395583&sprefix=walking+the+talkin+-+a+cultura+através+do+exemplo%252Caps%252C263&sr=8-1;8577736970
A morte de Ivan Ilitch;finished;Leon Tolstói;96;01:33:16;4.3;18/06/2026;Rússia;Clássico, Filosófico;;5596;a-morte-de-ivan-ilitch.jpg;https://www.amazon.com.br/morte-Ivan-Ilitch-Lev-Tolstói/dp/8573263598/ref=sr_1_2?__mk_pt_BR=ÅMÅ_ÕÑ&crid=2AFTDRYP0UYO7&dib=eyJ2IjoiMSJ9.jurt51PKgZ_ZVQDuEiToB63AvsVI3zNUysXyFV6uv5ZY2FK87KKCkQa4PRycXKu6ZGcoDbZex9m7cDZ58XOaMGqTFES24SZszFonXQ-dQmNhM6amFQgXKde7LpsyPOIOhzu8kg8uelm5x3ZU0yis0cWPlIaCwtqOqfZcS28-KWwlUkpqwifG--2Eudih81xVh8zkRcHHDNo_Vs6VffDF1eGdNeb38uoMpEQOz0jcdku_TZCpdlv71RBoK8cn1hGj62Yyw6CUlC9zTLiXvCnosYgcEfj5gYfBv5VjYluJj6U.NmQm4-ChJQ_VHTEKSL-2YOxOLpKq4d1ULmp05mlAtO8&dib_tag=se&keywords=A+morte+de+Ivan+Ilitch&qid=1784395607&sprefix=a+morte+de+ivan+ilitch%252Caps%252C263&sr=8-2&ufe=app_do%253Aamzn1.fos.6d798eae-cadf-45de-946a-f477d47705b9;8573263598
Do que eu falo quando falo de corrida;finished;Haruki Murakami;152;06:16:55;4;21/12/2025;Japão;Memórias, Não Ficção;;22615;do-que-eu-falo-quando-falo-de-corrida.jpg;https://www.amazon.com.br/Do-que-falo-quando-corrida/dp/8579620279/ref=sr_1_1?__mk_pt_BR=ÅMÅ_ÕÑ&crid=DTCS04X0TAPU&dib=eyJ2IjoiMSJ9.wyNct4qFL57UQvIEqBFjNcOdn47Ijxzo_qIHi7qYeEybdyqABSgsBlSgLZbg7V6QCAWdYlZnuMeDC4ELHxHAsw.gJVyYRYHFKD6BDrIWSoQJsWSDpyuOavLdAelBmFjzo8&dib_tag=se&keywords=Do+que+eu+falo+quando+falo+de+corrida&qid=1784395630&sprefix=do+que+eu+falo+quando+falo+de+corrida%252Caps%252C279&sr=8-1;8579620279
Água Fresca para as Flores;finished;Valérie Perrin;480;14:30:15;4.9;27/02/2026;França;Ficção, Drama;;52215;agua-fresca-para-as-flores.jpg;https://www.amazon.com.br/Água-Fresca-Para-As-Flores/dp/6555602309/ref=sr_1_1?__mk_pt_BR=ÅMÅ_ÕÑ&crid=3OO6OHX6EHF3H&dib=eyJ2IjoiMSJ9.nVDb_GrvkYKMKkQeHOPr1ZHDgB3ZUCyDckfKb6B6vJd1w6A2E3L0aX4w6xVb2AacER0DINBNShVRQJVWsVnymt4GzkEEKzqgwdEHVEf8wvD2fTRGeGmfZAkqdItuiA4ewf6zugDju5Dgo-z2FRWxZw.77wRlZiyz04NsBYTls1fYxuGXYYO1aPl6YdQmcFauN8&dib_tag=se&keywords=Água+Fresca+para+as+Flores&qid=1784395649&sprefix=água+fresca+para+as+flores%252Caps%252C294&sr=8-1;6555602309
O Segredo Final;finished;Dan Brown;552;22:48:49;4.5;04/06/2026;EUA;Ficção, Suspense;;82129;o-segredo-final.jpg;https://www.amazon.com.br/segredo-final-Robert-Langdon-Livro/dp/6555658398/ref=sr_1_1?__mk_pt_BR=ÅMÅ_ÕÑ&crid=R8QMLRDG9RHY&dib=eyJ2IjoiMSJ9.fiOCDYLm5rSBIAaJxAl8Soehr6OE5OvY5OZEt3jWpRb3oQOkzj-HbueIPNDeqxYjLj2auwmLTbVqPna4qLBnIpOyYq1gHIprfaSoas1kCwXzrttGRQarn-X4AXoF32SXk0YP4hqmHbcr-BnxN8lFLI5ONJMYSycuYoAIv_Q6LoHEp-8J3QIhBdYoNGA3y8Vo8kiXFgEv54zzwSBbIq6gQA4gl0XLSbYz9cfOvNrbBh_ooGH9yi7XIaj2gmjeGQFBiWDBtzYE7DxwUWh5iUNFFyfvg5C0nKg0fQCPgCSxG-c.x3s9PARjeQLehgmANMF8i-UJZQTZ4c-UyAN-5LE-oRY&dib_tag=se&keywords=O+Segredo+Final&qid=1784395671&sprefix=o+segredo+final%252Caps%252C276&sr=8-1;6555658398
Relatos de um gato viajante;finished;Hiro Arikawa;214;08:18:10;4;16/03/2026;Japão;Ficção, Drama;;29890;relatos-de-um-gato-viajante.jpg;https://www.amazon.com.br/s?k=Relatos+de+um+gato+viajante&__mk_pt_BR=ÅMÅ_ÕÑ&crid=196CM1IKGX87I&sprefix=relatos+de+um+gato+viajante%252Caps%252C294&ref=nb_sb_noss_1;
Evidencias de uma traição;finished;Taylor Jenkins Reid;140;01:25:20;4;12/05/2026;EUA;Romance, Drama;;5120;evidencias-de-uma-traicao.jpg;https://www.amazon.com.br/Evidências-traição-Taylor-Jenkins-Reid-ebook/dp/B09LJZN7GG/ref=sr_1_1?__mk_pt_BR=ÅMÅ_ÕÑ&crid=3L7DM711F63FS&dib=eyJ2IjoiMSJ9.wilFaUXCOpbrEa2Ju2zYV988Jt4Yzk4dZter3-mBjIsrRUTO0dy0WupL_xGl2QAOnetIw0xaYkhJLKvuZ8W8uL1Uyk_dOT-b2Kkay0j6eOoHuiKtqDt5bKC3ZxuY-347V0jQVR-hvNQ1SI5oAnCAvaCi6Tr98xHdEG43o8K5Dm9_6hG8TFZxH-mCnbq78Y_6mJVHgcT0h3uDR5cHZmh7Uofdxo_oeGorhuaz7lEtd7SEK35SdXPNhOasei-xBUS1U54UDqkvKP4HgUWnbSRQu4FYljRmlHvKIscAo4yCR20.cA7LgcmZMwnZwe6y2PkpMjwqvK8_LYaqWRs2RciP8co&dib_tag=se&keywords=Evidencias+de+uma+traição&qid=1784395696&sprefix=evidencias+de+uma+traição%252Caps%252C273&sr=8-1;B09LJZN7GG
A Desobediencia Civil;finished;Henry David Thoreau;80;03:18:23;4;13/12/2025;EUA;Filosofia, Política;;11903;a-desobediencia-civil.jpg;https://www.amazon.com.br/Desobediência-Civil-H-D-Thoreau/dp/8572839682/ref=sr_1_1?__mk_pt_BR=ÅMÅ_ÕÑ&crid=MYZXP65OYSPA&dib=eyJ2IjoiMSJ9.BRLixb7c9gv4JZw2A5yWtO-6lWiqHf47v4iA3GVEwGJUQKDeeohed0WlhEJ-cHezXtBqUTDLchuPekQ8dlVrQdMHes_bC_orLs0hLAVUjkS2GYVMKgCyuEEfoLMG5LwNWdOVniw2eM7AcI-ZEf-k6g53aQXMQZoz50bwxVn5eq3zkiFNmtd8BoaDSs-rEAJ4VQFNv38XdypaNqwNjGIELla8WOLRWRQcXtLCLgc9czVeibPmdxDgW0Ot5FkguDC83kkwuZfZllgwEUFDJQ41fD9HfryzYt4rMYEGyd9m2Fg.Bygr3B34BFHtINHAzvodp5r349zhNbqplD31xuqMN90&dib_tag=se&keywords=A+Desobediencia+Civil&qid=1784395709&sprefix=a+desobediencia+civil%252Caps%252C279&sr=8-1;8572839682
Walden, ou a vida nos bosques;finished;Henry David Thoreau;323;13:20:57;4.1;12/12/2025;EUA;Filosofia, Natureza;;48057;walden-ou-a-vida-nos-bosques.jpg;https://www.amazon.com.br/Walden-ou-Vida-nos-Bosques/dp/8552100134/ref=sr_1_1?__mk_pt_BR=ÅMÅ_ÕÑ&crid=3SIKRHW7H5T8F&dib=eyJ2IjoiMSJ9.eJ6WLNiMGSA2M6JTZpy45HfDBG-scQI_YS4uUdu-Ptt1yAzhZDVHotIN45kyB75A4s8Yx3S9hDHqQVgTPL7fTd5ECF2XzvrSgHh7FvZSPVnKFsB_GEHSRaVVhv6PuQ5vESZKYMx6H9TigXr2EioKvCfJALWT3yJ5Yttq5XiMOzxqtRHTkjLja9Ou98PDSeTwq1TKG8-ZSWIdgg5-8XPVw1RTkYOIvNnYrE2_bNzq2UvgxfNzIhKx091FqKTSPEsse1j_1-mmzll_4PZbmGga9g5zqkyzsDAGlpWkIcXIDhQ.yx7zwUbyEVJQEa1JR2iNUdDpF8GiMMWC9SZLj7qHZNU&dib_tag=se&keywords=Walden%252C+ou+a+vida+nos+bosques&qid=1784395730&sprefix=walden+ou+a+vida+nos+bosques%252Caps%252C274&sr=8-1;8552100134
Verity;finished;Colleen Hoover;291;12:01:36;4.6;11/12/2025;EUA;Thriller, Suspense;;43296;verity.jpg;https://www.amazon.com.br/Verity-Colleen-Hoover/dp/8501117846/ref=sr_1_1?__mk_pt_BR=ÅMÅ_ÕÑ&crid=H98BVUMFQF7G&dib=eyJ2IjoiMSJ9.WSo6UanQzlr7jZF7D8KPVHFn7ItqTZPWxtiGdZpgWeTmRFV2VYf6oUUtTwSPA2XqIN6k8OG2r9tQlcf8yoMaMNkSBTrOEl9kcq5TP-nQA9OrDcMRVrQeFVcdiCIC6ESa8omfOWJFEC1nXGmAeB3VK5aEJ8PQC06kzoLwbhBQgWE19wH3Vz1CrYRJJQmA7UFbOJVB6K-Rb2pc3QOzfHsit3dMSwzw4So0NMqScpOB2wWgk70J_2vufOSPm4ogFC8r6xW5JCAnDD3l4bO_dqWnOFMbYWJd3KMcj6PjnjGE7C8.JjnOMznjfRLADM28MAYyNt1RvNtsdz93YBx2xfWI224&dib_tag=se&keywords=Verity&qid=1784395743&sprefix=verity%252Caps%252C271&sr=8-1;8501117846
Insolitudes;finished;Tiago Feijó;104;04:17:54;4.5;28/10/2025;Brasil;Crônicas;;15474;insolitudes.jpg;https://www.amazon.com.br/Insolitudes-Literária-Edição-Prêmio-Literatura/dp/655322031X/ref=sr_1_1?__mk_pt_BR=ÅMÅ_ÕÑ&crid=3GN59DAUXQD08&dib=eyJ2IjoiMSJ9.ePB0g6eH6WK12VE52sbwh1DLHopZIBbSLwnM3uSsZp_QWDIlB_89NJZouKaJ7fwHmWl9yn6LL1RUwFTcxg0_jxCz82lfkjxt7FbTczNM5IhRnnmIwkxqsHVzbT7nbK8am0cKD1xgRW1v7aMNO3NcCg.yTgMdzze19p4gzcLIN62cBw7Km0GkifuEbXJrowKHyo&dib_tag=se&keywords=Insolitudes&qid=1784395755&sprefix=insolitudes%252Caps%252C281&sr=8-1&ufe=app_do%253Aamzn1.fos.6d798eae-cadf-45de-946a-f477d47705b9;655322031X
Knulp;finished;Herman Hesse;109;04:30:18;4.9;07/11/2025;Alemanha;Clássico;;16218;knulp.jpg;https://www.amazon.com.br/Knulp-Três-histórias-vida-andarilho/dp/6551140092/ref=sr_1_1?__mk_pt_BR=ÅMÅ_ÕÑ&crid=XOWU5DT5OXOD&dib=eyJ2IjoiMSJ9.N9dO4vSdmeCBl3i5XN_luMIVzKU3ol0IXgaSvmSwQ-E34ZXOyRBEfML9F0ZhIA3-npk7r9leJc_SWGObnhg9KhaXOMeJ_gJWig6mlHpWkzYroKkkZ8Fwyj0vOM515uVj9hZOM6ErPmXSeCYMM89f5Wk-5PGW5Fjp4908hICRMUxwN9gkRMShgUAfGCHp7H80VbEt-JsqSZs882i1QTFDBDPSmDeC6uyO7-JHH9R8ne6U86KvFwPe6S5GQdbQmBJnQZaZOkAuqXJzksPvohseg9EI3l6Dw4yRBibsg2jokuY.pJxsoR5K08D8ppxaI220iUTIdhroJ7GUjnriInv0tLc&dib_tag=se&keywords=knulp&qid=1784395769&sprefix=knul%252Caps%252C272&sr=8-1;6551140092
A última grande lição;finished;Mitch Albom;154;06:21:53;4.1;13/10/2025;EUA;Memórias;;22913;a-ultima-grande-licao.jpg;https://www.amazon.com.br/última-grande-lição-professor-verdade/dp/8543106141/ref=sr_1_1?__mk_pt_BR=ÅMÅ_ÕÑ&crid=KDFXO5APYR6P&dib=eyJ2IjoiMSJ9.-yHvLSh4AzSBa0XT-B0Y7sdn1c4G5lyIumq4lB016Sb8vc5BBB9WdpvCQ3PRKfxri7E12VkV7ED0awdQXBn8KyMNV-N87p3QDPkXB38lx1e1JGcH1lXNCKUbUWC9u1MPJhdlRnycURwTS1nnl3PQUtSPUInPI_UcDRazuPjgrItQKvne1q31xcW6arHGSfmM7WQ_7-VaSfKHMgK9UQHTh2bK0TLhC2SXHwbA9DYgGgrQPSlRxQy8P1vhBgDsHmtG7IbJaTgohK-jl7SmWvfY0N_941teeM4Cf1lc23jZ3wY.QCd29akiGjysfTjw1tycrBlFt3-aXtszyaGfr1oZ3ts&dib_tag=se&keywords=A+última+grande+lição&qid=1784395780&sprefix=a+última+grande+lição%252Caps%252C275&sr=8-1;8543106141
Não Conte a Ninguém;finished;Harlan Coben;359;14:50:14;4.5;29/09/2025;EUA;Thriller;;53414;nao-conte-a-ninguem.jpg;https://www.amazon.com.br/Não-conte-ninguém-Harlan-Coben/dp/8580419689/ref=sr_1_1?__mk_pt_BR=ÅMÅ_ÕÑ&crid=24YU221DR8F0F&dib=eyJ2IjoiMSJ9.NECBBv2VJM7QadbiVdYhwb_Lgzum3mOvcLMfElwPO0PTZbHbUF0WgvLqohLX_K9zgK-Bj0WdYa0Sa1qvsnUzgNJzrcd9y5zIWkgQjj69dyCimdT9x0B3lvIYj_Km4PwqcdqK76X_oZyKV4xvayqSfJ94urJnzySMEBkZescPMvd3TJBCmeTqMwTDsG3H7wb65Di9M3DJ8FR-qRwJpuTEYAQtru1hZyJ8-HDevzx3dXzhSx0n8_9p51TwV_huji7qIsFDE-jRtVDGi0PqPQwiD0xyWQE-jJNnzG-MEtGXl2E.LIc83kc68RBwkIDRwy-qlGLcEIGHu35bh2EVqM-xcEM&dib_tag=se&keywords=Não+Conte+a+Ninguém&qid=1784395792&sprefix=não+conte+a+ninguém%252Caps%252C275&sr=8-1;8580419689
O Velho e o mar;finished;Ernest Hemingway;169;06:59:05;4.2;19/09/2025;EUA;Clássico;;25145;o-velho-e-o-mar.jpg;https://www.amazon.com.br/velho-mar-Ernest-Hemingway/dp/852861798X/ref=sr_1_1?__mk_pt_BR=ÅMÅ_ÕÑ&crid=2V4OQEHDOFSA0&dib=eyJ2IjoiMSJ9.nw9_dXFSxdpdgB2C-DCdj4872tjFDgmNHdQiF0rl1J_8I_Zei3ddE5vdfHDvT0DuZ0TSrC2PLziy3yEGMaJ46wcc3K-2gyoXsIX_gfi8CpQRA70BW8T44n7C2BLZ8HTE0GIIp8QNLbe0HXpxCDcUf4k_njcIhhY3hA5my8d4X9E27qfHLxWPpTc5JZuVi4I8oqtcNVQbWlcSG8vTDu3OGx6HCQxWbkjfZQ3phzB3D6o05i7GtaJCWDvfoWRtUW3Z52p_QAlgsDMMi7y2Ca9K1Rv5_hVl-8y_INigKtOkTl4.QkeQJ21nQBJMklpKuQCkMIG4cKqA3YKcGbu47VGrlg8&dib_tag=se&keywords=O+Velho+e+o+mar&qid=1784395806&sprefix=o+velho+e+o+mar%252Caps%252C272&sr=8-1;852861798X
Vamos comprar um Poeta;finished;Afonso Cruz;79;03:15:54;4.9;11/08/2025;Portugal;Ficção, Sátira;;11754;vamos-comprar-um-poeta.jpg;https://www.amazon.com.br/Vamos-comprar-poeta-Afonso-Cruz/dp/8583181403/ref=sr_1_1?__mk_pt_BR=ÅMÅ_ÕÑ&crid=389VOTX9GSSSJ&dib=eyJ2IjoiMSJ9.26z8dYgbDpnXpWLVRGV4D-zycKVvG9Cy1C7UmJiMvzYxC7a3-PkRjDTDaeusCkNqZWI5fHI0bBhzaTCo6XRHgBu4h2-5xF0-TZ-ELKeZWYCecD5TJeZ5CR3wnTR0KHE4eOO9lxxceycuvGVIa5RsWGyoiz-2kyPLIQ6GStHJRMN1wcgSVO883ei1-SJPEcvfrX9n1IlhZhcYPdamFYfaIw.Q6UqFtZjAtzeXpsrXuVrOmcJFmlQzKGMVJ7jerw0e7U&dib_tag=se&keywords=Vamos+comprar+um+Poeta&qid=1784395817&sprefix=vamos+comprar+um+poeta%252Caps%252C283&sr=8-1;8583181403
O palhaço e o psicanlista;finished;Claudio Thebas;256;10:34:49;4.6;04/08/2025;Brasil;Psicologia;;38089;o-palhaco-e-o-psicanalista.jpg;https://www.amazon.com.br/palhaço-psicanalista-estudar-outros-transformar/dp/6555352833/ref=sr_1_1?crid=2P0P1PD2I0OY3&dib=eyJ2IjoiMSJ9.0LJxWawzVfxW4HLX6s_qOroPtKWQG0gvPkcRJ2gbIGD8vc5BBB9WdpvCQ3PRKfxraJmDOkjiNSkRPmXbONNOWzuUSEAwg-2wpXtrl6yXhu30UBi7ds5on7zT64KhA4n1H0k5UeEIUVRzjX1AW5zKNOdrmOH9Zmm5TQNECAH0prpjzBMW_AMYokPSpGXHWKzu2OkTNfGC8ZX-ldoAoIj6kTutU80Ftrv21h5QOIudIrgwPNcOjmMS80X2f1KkimfoIQYhGZ2f2Yqh0TehpPaZ_xBokagPRbIPpOszIJ8hmio.p0_WSBFFH2CIoV-5H9__dxNKE-CcRdANzUGIqqvpp6M&dib_tag=se&keywords=o+palhaço+e+o+psicanalista&qid=1784395835&sprefix=O+palhaço+e+o+p%252Caps%252C258&sr=8-1;6555352833
Em Agosto nos vemos;finished;Gabriel Garcia Márquez;132;05:27:20;3.8;05/07/2025;Colômbia;Ficção, Romance;;19640;em-agosto-nos-vemos.jpg;https://www.amazon.com.br/agosto-vemos-Gabriel-García-Márquez/dp/8501920010/ref=sr_1_1?__mk_pt_BR=ÅMÅ_ÕÑ&crid=1TJR4119E7RL0&dib=eyJ2IjoiMSJ9.V-hkNKKKGMyFzYh_mzk8yP1_BfVctHAefKZFtmKBUerrAHx_RsMm2motWPzTPImeA-DtrSDYqFxHidBI7CdTBHX9GHw09GCWERIF9OHTZ5yqeiOu3_anSnOS2kDUUQ7VRpPlYq-TTiK67zC4PdduEgtKOTmGfrWiqdvABixHArLPG6p3bhFXFyZeCF_0GtIJj83QTfkS4_SmIwiM_IwC-A.vMRYqwNqshZCLvBAhAXqHAZb_H2qR-X53aDcoIGdjBE&dib_tag=se&keywords=Em+Agosto+nos+vemos&qid=1784395877&sprefix=o+palhaço+e+o+psicanalista%252Caps%252C291&sr=8-1;8501920010
Ikigai;finished;Héctor Garcia;188;07:46:11;4.8;30/07/2025;Japão;Desenvolvimento Pessoal;;27971;ikigai.jpg;https://www.amazon.com.br/Ikigai-edição-segredo-japonês-longa/dp/8551009605/ref=sr_1_1?__mk_pt_BR=ÅMÅ_ÕÑ&crid=1CGWJM0BX11PK&dib=eyJ2IjoiMSJ9.tYL67pyI79nuXZ7QADSZeqnrexfoYIlao6cqAJ3D2yXvw0F7VyrCQVvXmpfFucifvN1z9KvdBy9g48St2zdFpMgBi5qn5uIoBygg-3G-mlpvTTjahQOq0PeIWxDVSYOVKQq3EYQDjJdYEWLAiRNfhFQgRp1XOexd521EeFJvqBiHXQ_eaPMcGGkk4xahNvcdWnPW2h-5gQxDpxOTSfRbAh14SkOGnvS0MEzgfeyn21ytNjX0aidoS6Tu63YwnhxISipygmf5lxqX3dfuAe1JbmvnjqnCjYwu2bWDLaqAN2I.n9pJEbT6AHcuzdDvckk9lXGvQPuq7pbLE7njdmADZt8&dib_tag=se&keywords=Ikigai&qid=1784396221&sprefix=ikigai3%252Caps%252C287&sr=8-1;8551009605
Factfulness;finished;Hans Rosling;342;14:08:04;4.1;09/06/2025;Suécia;Não Ficção;;50884;factfulness.jpg;https://www.amazon.com.br/Factfulness-hábito-libertador-opiniões-baseadas/dp/8501116521/ref=sr_1_1?__mk_pt_BR=ÅMÅ_ÕÑ&crid=3AWMHWGW5FFMR&dib=eyJ2IjoiMSJ9.7aKGuj_MOmBAo36KvxnzEIN8JbC9Exm1iFbkFTNuP9Lm-DdnjIaJxA3iAoPGXoR_pTiAArTkWDYYsRSfsM_8j5roufdYo8BLokjUuSbwBLOeBU_f26oZ8m3lOsU_hISwWkHJ0wsWg6XkFeor707PE-w5lynJyU0EZPpZaTF72cBd6AA7mN6gfvj9vQaag6w63O3w1LvyD5Ad1On8NHsDK9HB5XFIx0MlsX63vUdgXhbsYIzJ6_-LC2AA47DccsR4mFwuhFYLPM3Wbj57hoQC6bctRi0v4prMaQX13jZpWw8.ActTaStbHcZ5Pg4K_9pkEbZHPujOpYxZJ0GuG9uWunI&dib_tag=se&keywords=Factfulness&qid=1784396237&sprefix=ikigai%252Caps%252C281&sr=8-1;8501116521
Liderando com o coração;finished;Mike Krzyzewski;144;05:57:05;4.9;20/05/2025;EUA;Liderança;;21425;liderando-com-o-coracao.jpg;https://www.amazon.com.br/Liderar-com-coração-Mike-Krzyzewski/dp/8543103924/ref=sr_1_1?__mk_pt_BR=ÅMÅ_ÕÑ&crid=33S7U5Q4Z2ED2&dib=eyJ2IjoiMSJ9.9xvxFzDqADIkdNED4WSAi6JV8G1_gEJG5WXUEMmQDZcwkdmvXc4oCtvj0gd5InoTV5yO-i43FEhouojNf5fdNWYVHjpou2cTBXEQKknBv_txy2h4dEfzVz5x49G8AcTiicjKut8c6M4t4HzhyGX3TIRbklx6kk-gP3LUaipPauzVwi-zgoutwUh7VW1e-NFH3-kQwyaQOvJXbMHRWRR0ng.WnJnYJy-2-loiChSl8N1tabnQO-BbA5dSy1kOY2D4TI&dib_tag=se&keywords=Liderando+com+o+coração&qid=1784396247&sprefix=liderando+com+o+coração%252Caps%252C297&sr=8-1;8543103924
Tudo é rio;finished;Carla Madeira;209;08:38:16;4.4;29/04/2025;Brasil;Romance;;31096;tudo-e-rio.jpg;https://www.amazon.com.br/Tudo-é-rio-Carla-Madeira/dp/6555871784/ref=sr_1_1?__mk_pt_BR=ÅMÅ_ÕÑ&crid=8V5QY5DM1FL9&dib=eyJ2IjoiMSJ9.ILwWZ1dbQGWG_XnWxAOc0W2TA02LhD7U6ohfcH0ZgmSpj7bh_Etz-V_NcNgCqOvUONP5b3h2FBPegANmivLTyLeJgwm4RmVUiSglbQ6l6aPEHbMppBC45arxyLqNcCg03L7MQmIR7iccCn6Osa-1q2ycRy46gnOaPTLadejfJSitK8i9Ll68BdAMZvmrMPRsl74yZlKpqhTlMc1cadyMwKT1PH6hKgUHDpM2AtL9Q4QfqkmGaIjrQQ7StWluhp5dt0KmlauR3GElnHl_OEglikPTil2z5ezyZJc63KJQiA0.7dH5wL4ET8AOCerxZRv4MVyYBWtKsQOGEo9FzehljZU&dib_tag=se&keywords=Tudo+é+rio&qid=1784396271&sprefix=tudo+é+rio%252Caps%252C270&sr=8-1;6555871784
A psicologia financeira;finished;Morgan Housel;304;12:33:50;3.6;18/03/2025;EUA;Finanças;;45230;a-psicologia-financeira.jpg;https://www.amazon.com.br/psicologia-financeira-atemporais-ganância-felicidade/dp/6555111100/ref=sr_1_1_sspa?__mk_pt_BR=ÅMÅ_ÕÑ&crid=RLNW5YWC9DS6&dib=eyJ2IjoiMSJ9.xvKNGzo6cPitTT_akG69yi0EbQeCEttepU5G1I9QTsTGc1Tk6p7qjrP5u_VyXqjmbrGl5z5o2Xua0Jt3vDEBg0dTBMKMNWBZchJyENyhdbuRkYbYQsQq0mU0xu4x-GShneH4-GxV6L2G7CfHHUDc5x70Eu8dsGhvmoSL-JaTSSg4TGuwjx9tTnPuEUwvJZWPfMjMeErlXGa2JNRQcjciIYHhKqE53El5li7q3uNmk3kMyOHOTj8EJ_yoiAy3hosqWqy0eE-bOHJGbtCdvdjy6NRqqAlGnmxLVA14mHiwitU.MftBpEKS_vtZ6h7keIMZXNtCGOa_cesOC0v-LdybKFY&dib_tag=se&keywords=A+psicologia+financeira&qid=1784396302&sprefix=a+psicologia+financeira%252Caps%252C295&sr=8-1-spons&sp_csd=d2lkZ2V0TmFtZT1zcF9hdGY&psc=1;6555111100
Nexus;finished;Yuval Noah Harari;405;16:44:18;4.8;11/03/2025;Israel;História, Tecnologia;;60258;nexus.jpg;https://www.amazon.com.br/Nexus-história-informação-inteligência-artificial/dp/8535937811/ref=sr_1_1?__mk_pt_BR=ÅMÅ_ÕÑ&crid=74NVV82UYRED&dib=eyJ2IjoiMSJ9.aHUkA1ohw5rs_hWe65-kX3tXjMrj5TidWXq3OKDYvRVUa98WRFIlv9dsR3mz8OoXJFxkyRyrAczZL1RtqMQPfIdMwg1OesNcKehVda8m_orZSkuiXjtlI8PFIpjZGNvDQrAXUaS7X-RdURs50ZemGecdzJsXSewjJ4zXFkM094Gc2wHUAHRCy-M8UbJf9zjBwICvo0_HHH-10vnBCmEkl2dCE5_0Olfm_OrS_R6iUoMfz6viyhs32zPhHUAV9u-4csDhuQuQSzX6b15KhTbcCGmgmRMg7vhRM3JPECur85k.m8mFYFSvu16aNsZFS41FdjfF3dsSB_STKC5Okorl--0&dib_tag=se&keywords=yuval+Nexus&qid=1784396329&sprefix=yuvalnexus%252Caps%252C247&sr=8-1;8535937811
Essencialismo;finished;Greg McKeown;272;11:14:29;4.8;23/03/2025;EUA;Produtividade;;40469;essencialismo.jpg;https://www.amazon.com.br/Essencialismo-Greg-Mckeown/dp/8543102146/ref=sr_1_1?__mk_pt_BR=ÅMÅ_ÕÑ&crid=1HO7MNBR2JF8C&dib=eyJ2IjoiMSJ9.B3-ogy8_XKS-DTl982AXtR14Q1gOCiCx4eCw7IAtGNfP2wQpxH74RVmRBUhw2X9nZEXzjbDpjnZJH0Fwe_rmVilki_QUjyef2URfNwyvnUDeOquOEXrNn-TdoQFPKcXwYOYymS6cSJIESHqXik82WZIFSCvJUaFi9uFw2guEcPYGfVt-5sQcZRhAgFa_iknra7Dcxj-2QAvTU597fMU4GMIsmcNEagcdEaVM4mJ9rNHpehLl0mza5KgOsGYQKm4SSUCN6vp1F6FrxNid9gjibJBzj5tsyz1weZVfu3X4U6E.IXA5Fj7WMURDDmi3B0tJJFjUtv5QegINWW0-X7M9xwk&dib_tag=se&keywords=Essencialismo&qid=1784396343&sprefix=essencialismo%252Caps%252C283&sr=8-1;8543102146
A Bibilioteca da meia noite;finished;Matt Haig;308;12:43:46;3.9;11/11/2024;Reino Unido;Ficção;;45826;a-biblioteca-da-meia-noite.jpg;https://www.amazon.com.br/Biblioteca-Meia-Noite-Matt-Haig/dp/6558380544/ref=sr_1_1?crid=21NTFW2MZC5EF&dib=eyJ2IjoiMSJ9.Up5r5DNYDg12LbCkr4hp3DhUgovwGp0q2Ww9Gofx2GC_H1wtQ1ym5tfA9XGWAfGrz8x5ra0tXTM5PfwLrLazV4_dWYtq1fUQTq_-2ZYQPymW_gAjnK3HgYLCgKPCvInLjm2oWFmcn1BhkE1XlvStlKZixqBAqdwT4tlF7tf1oS-gu8CIhr5OwCg0vq2jW4oeVzZozl9mjA5c20tsQ5JSIcYZFt1dySn0OuL_AXf0mpZLnb1Z3B_RVKUg0c2MA85bzjUPMlf26WksDR7s6Cr8T3V00li2OCNpfriLi-aCOWQ.TJr8iYvS5al9wWxPfVdoGyHGLn2viA-rXW6I9Ehe7ok&dib_tag=se&keywords=biblioteca+da+meia+noite&qid=1784155785&sprefix=biblioteca%2Caps%2C257&sr=8-1;6558380544
A Monja e o professor;finished;Monja Coen;128;05:17:24;3.8;07/11/2024;Brasil;Espiritualidade;;19044;a-monja-e-o-professor.jpg;https://www.amazon.com.br/monja-professor-Reflexões-preceitos-valores/dp/8546501297/ref=sr_1_1?__mk_pt_BR=ÅMÅ_ÕÑ&crid=25GBHMJ6VCXQ8&dib=eyJ2IjoiMSJ9.78tP3kcpYG3m1zqGX0RF_zRN_huH4ynSqzVDi5x0z_IFustHl2gX1vDQ7vW55NjJWck07cvtinF3xFJhmLrhC2Qqtop6bp5rUDNvT7zB31ifg7Jo5muiPr74XAbx1hLZaO4AERheYK4ab0fbMa51a9Q1S4f_3eAgsHpu5JDm8TbOsmJAvfePdJGXRKvWcX9lSO5h9wgBH4-uty1SbX9QXg.h5EmrIrpK1EhwADeJx88jor7NeZtv9HHJczFaPAynno&dib_tag=se&keywords=A+Monja+e+o+professor&qid=1784396384&s=books&sprefix=a+monja+e+o+professor%252Cstripbooks%252C270&sr=1-1&ufe=app_do%253Aamzn1.fos.6d798eae-cadf-45de-946a-f477d47705b9;8546501297
As 21 Indispensáveis qualidades de um líder;finished;John C Maxwell;160;06:36:46;3.8;01/11/2024;EUA;Liderança;;23806;as-21-indispensaveis-qualidades-de-um-lider.jpg;https://www.amazon.com.br/As-21-Indispensáveis-Qualidades-Líder/dp/8566997212/ref=sr_1_1?__mk_pt_BR=ÅMÅ_ÕÑ&crid=1210QFV2UX0QB&dib=eyJ2IjoiMSJ9.RcGW0d4er3BTQpQ9UFx0IDYWldU_Qg1LV1heQoB9KoT2ygpksoIeqbOkQk44AQzq5p7fC1wcJhy6eozRZch8UcVdWUO5bn2aNiMgx1GTXgmdiPOjB-3kw9aENQK5lE4_kM8Sg-AX1SEW1C1Nlx74JEgOBQqDnnfGyqwM8Kli5tBZq9TJnV7ORHls1pQnSN7o.UHp7iS_FSFKDIp8tuJ4MWF18eQjlwjvM8ynbAWZpANE&dib_tag=se&keywords=As+21+Indispensáveis+qualidades+de+um+líder&qid=1784396470&s=books&sprefix=as+21+indispensáveis+qualidades+de+um+líder%252Cstripbooks%252C281&sr=1-1;8566997212
Noites Brancas;finished;Fiódor Dostoiévski;96;03:58:03;4.6;09/10/2024;Rússia;Clássico;;14283;noites-brancas.jpg;https://www.amazon.com.br/Noites-brancas-Fiódor-Dostoiévski/dp/8573263350/ref=sr_1_2?__mk_pt_BR=ÅMÅ_ÕÑ&crid=3IY8X3Q6UK539&dib=eyJ2IjoiMSJ9.mekokEeKCiHZNjrxjzFX2WC3ghaeDV2ITGhfIhn_kaSq4m3ukiNdNlhUKKUHWQuD7gbS7PLXKxzmpRECspVppvV8Lukp-miKJxhUoitUr-wf4AGToXXYRJ6XQauIz_fUPqwlTx3LWn1hLV-OGVEQZbftQdF4fT_ZlW9q8PAXW1jDCld_nt7nxmV-mjDj3epKYsr88N7zcUiviuF9fKnyIkrcfnGqS0TYHhnKkQ7GLmI.A3r5HjzJkjGoYjvC45o3i-aQpnxgascpfDMgvZoPywI&dib_tag=se&keywords=Noites+Brancas&qid=1784396491&s=books&sprefix=noites+brancas%252Cstripbooks%252C259&sr=1-2;8573263350
Nação Dopamina;finished;Anna Lembke;214;08:50:40;4.7;19/09/2024;EUA;Psicologia;;31840;nacao-dopamina.jpg;https://www.amazon.com.br/Nação-dopamina-excesso-deixando-infelizes/dp/6586551714/ref=sr_1_1?__mk_pt_BR=ÅMÅ_ÕÑ&crid=13SW93MBCZHBB&dib=eyJ2IjoiMSJ9.lrKp1oXIqyNJv_-RBeq4rVQiKR6tNxPynz8QrHnaaWzdbv_sr46NHnRPBZ-ucs8QHYMeUKUzzFFsIGPY98ktNkWLopQW4HfovsCwgOtPjLtfHZzdSf5HiWmzF2S_sv9fl-JMhPJ8LFknQ8OOxoOMTe6DzhH5bM8IUGTl3uTVDQQ4cwMqyeCMqD-L14t8f8zJx3lCLLmw9_n_LzJoXyLJJdbK8KA7ONu_7vAhEhMj14Q.7YpnxaPLJdjD2_J4ZKEb6Hc9wVPKXo0zpS6BmwW4xa8&dib_tag=se&keywords=Nação+Dopamina&qid=1784396752&s=books&sprefix=nação+dopamina%252Cstripbooks%252C275&sr=1-1;6586551714
Hábitos Atômicos;finished;James Clear;320;13:13:31;4.2;24/09/2024;Reino Unido;Produtividade;;47611;habitos-atomicos.jpg;https://www.amazon.com.br/Hábitos-Atômicos-Método-Comprovado-Livrar/dp/8550807567/ref=sr_1_1?__mk_pt_BR=ÅMÅ_ÕÑ&crid=16PEY3276O0XM&dib=eyJ2IjoiMSJ9.MdqPg34SqLvdZOw_TgFh38rH13GNBy4jFDLfFQe8ygxb1aJtTbT4kqRs3yYtNbJEf9N-K9LAl0_Skx-47wLIpbuGGu91l3HEMbHe3VR9K8CnRWaQ3VpRcB_Zu5VykwmTKOLwh-E0EiPwaZa5z_k3E1esyH9Rf-Hw-fF_oTVVjq5GmX0tNokSsnL1P-MKFWzPzDxSmzb02T-jjIGYNM_jVNNt_m65fA-T4H5SIh0609w.6YYC1Yelna7082Bzvbr7XKF0M8xcu2RCZPIA5_ocUWc&dib_tag=se&keywords=Hábitos+Atômicos&qid=1784396780&s=books&sprefix=nação+dopamina%252Cstripbooks%252C282&sr=1-1;8550807567
Sociedade do Cansaço;finished;Byung-Chul Han;136;05:37:15;4;24/09/2024;Coreia do Sul;Filosofia;;20235;sociedade-do-cansaco.jpg;https://www.amazon.com.br/Sociedade-do-cansaço-Byung-Chul-Han/dp/8532649963/ref=sr_1_1?__mk_pt_BR=ÅMÅ_ÕÑ&crid=3KN5YZW7Z6MS7&dib=eyJ2IjoiMSJ9.2UPEWjxPLjoML3iYgiSxBVCvXBZoCql1CnFN4K3UVTb7TQmAAfATk3TaI1bZOwrgKLniZVvdr3ag6K49zz2YNsuRdmorTDQDEpDxuf2UmYZNcwQyEYwDxP-D8tJxn_k4JUlhmER91QufruQ0YeAIEOZ6xcHdultrkwBJRsqlVGk5F5kudE9QOjUMOkSO9_bvv91tmGpMrU6uAU9DSMOuMM07Vnx9AZfvuNsDBBdnBHU.pzZCwPeGGpWjcWuf5t2A1RzG-bvhi9C9SraVrGYgQiw&dib_tag=se&keywords=Sociedade+do+Cansaço&qid=1784396798&s=books&sprefix=sociedade+do+cansaço%252Cstripbooks%252C262&sr=1-1;8532649963
A vegetariana;finished;Han Kang;176;07:16:26;4.3;29/09/2024;Coreia do Sul;Ficção;;26186;a-vegetariana.jpg;https://www.amazon.com.br/vegetariana-Han-Kang/dp/8588808285/ref=sr_1_1?__mk_pt_BR=ÅMÅ_ÕÑ&crid=3KR5BMQF1YI2D&dib=eyJ2IjoiMSJ9.hIGPzIXgr3SwFgg3exy-mhiTh_chSmTQ925dooBVXN4gNvTJ_3YT-mWZI32w9SzTNw8gUSU2IeBDGEUhkLufIM3pFpoUCKdXqY5qWFtOrk1eaWW119qi-F5T39WzcwY-rnJ6PEnSsXHwPwrDTQjngrVGgN__bVBOtrQj9JyEMiFuySdh56hI7v_Q1R1-RS0NjnUZk9kQkaIbMmjOrK4RmCEnRVHB5ICfFENYaIrW8Dg.rDHH4qBNiP8TWNCDJVSj2iGIZiAImB5a4tndteHj7qI&dib_tag=se&keywords=A+vegetariana&qid=1784396831&s=books&sprefix=a+vegetariana%252Cstripbooks%252C266&sr=1-1;8588808285
Cliente Feliz dá lucro;finished;Paula Gisele;160;06:36:46;4.4;30/09/2024;Brasil;Negócios;;23806;cliente-feliz-da-lucro.jpg;https://www.amazon.com.br/Cliente-feliz-lucro-Paula-Gisele/dp/6589623015/ref=sr_1_1_sspa?__mk_pt_BR=ÅMÅ_ÕÑ&crid=35ZV8J8521M78&dib=eyJ2IjoiMSJ9.Df3n_K8YkDRXpe-GDn7iQU8SlsBLiad-qfbFvEdqwkjpDZyi2znxSnLBcOJGVmza6_FFzDbKuM4FtxqKI1km97N7olk95VSUBkM_oaV0VVY.7rgjc-Wm3FwXASJUBijgh2zavn2oRRh7_fZWJ2l1h3Y&dib_tag=se&keywords=Cliente+Feliz+dá+lucro&qid=1784396855&s=books&sprefix=cliente+feliz+dá+lucro%252Cstripbooks%252C262&sr=1-1-spons&sp_csd=d2lkZ2V0TmFtZT1zcF9hdGY&psc=1;6589623015
Um café com Sêneca;finished;David Fideler;202;08:20:54;4.4;10/09/2024;Espanha;Filosofia;;30054;um-cafe-com-seneca.jpg;https://www.amazon.com.br/Um-café-com-Sêneca-estoico/dp/6555643617/ref=sr_1_1?__mk_pt_BR=ÅMÅ_ÕÑ&crid=3CVYKZT5ORC5R&dib=eyJ2IjoiMSJ9.RSBny6wO1JSLHSZKt-1T9AA-b2e5updyFjHoG8j_hl2NoTsszUWiADyBwUczpmvsiPlNHkyMUlsOMKAzh-3H1V7cvu_YPZOXjTpUAvTQ7qTUbdG8gI-oDN09umpshPR-2kH_Nzm6UCP0lpOZSA0sYcHtBW9jplAN-NaeZn-0Zu1eISpMTLjQ6N5Dsj9Evf2NNaZ83n-zNEV-TB1UdObQy381-vnldH58pgS4JwazjZM.-mxwBCQ7waq4AttmGQ6xXxMoUhYqxjEWuOg3LPJQXbc&dib_tag=se&keywords=Um+café+com+Sêneca&qid=1784396874&s=books&sprefix=um+café+com+sêneca%252Cstripbooks%252C275&sr=1-1;6555643617
Sobre a brevidade da vida;finished;Lucio Aneu Sêneca;80;03:18:23;4;16/08/2024;Itália;Filosofia;;11903;sobre-a-brevidade-da-vida.jpg;https://www.amazon.com.br/Sobre-Brevidade-Vida-especial-prefácio/dp/6587817661/ref=sr_1_3?__mk_pt_BR=ÅMÅ_ÕÑ&crid=1SZF9FS7DU6A&dib=eyJ2IjoiMSJ9.tpb3j8EnDAZB9vakGjPsNGxI-Pddq_MnQYaLZpHJt0TqNfLHAalDugsG_HfRiu8gABlDZHaobe9WGr-SGTnS5l6zE4-kMxmlyab0APhqrlpOXsomvlsQQJ1c5g4knfuEKDaY1ubbDfOjPt3QKjoTfCBMZNEatYqqrhlFCkyQ6V6D2smi_D9Y-Ld7DvDGooYpkM17mNpeR54wNq3HlodDoHxigLpFSqV42NHGDt1ecMk.KLxbkp8CWoLG3x3Fq2AZIJ1Vy8lbNl7lJ1e3yZxFraQ&dib_tag=se&keywords=Sobre+a+brevidade+da+vida&qid=1784396898&s=books&sprefix=sobre+a+brevidade+da+vida%252Cstripbooks%252C293&sr=1-3;6587817661
A metamorfose;finished;Franz Kafka;96;03:58:03;4.3;01/08/2024;República Tcheca;Clássico;;14283;a-metamorfose.jpg;https://www.amazon.com.br/metamorfose-Franz-Kafka/dp/8571646856/ref=sr_1_5?__mk_pt_BR=ÅMÅ_ÕÑ&crid=1N98ESB6PR5BE&dib=eyJ2IjoiMSJ9.meQb8f8PUoJOeDkgrVE49wSP3H3-zsEkfiOyA1_tDnr3mU32EwFD4pREbgDY5ezqvCcrglIHkUqxQwY5CA3DxqMJ9KXE96ZkaEOrC4_4_CbqKEtSMT6HkQgjFxnScxqD71DYtiSSGp9_sVylFVweX8kmHqtjACbnWeO7h9PFFBbE6vV-QvcWHmr_6jT2V9RKslPBOpf8W383fQHwp7u0Fyxl4Zs6EhcqyWQEM95OZiU.VWxEECfgHKTf9AsShn_GF76L1qzPMp5R4rHe0L15iRk&dib_tag=se&keywords=A+metamorfose&qid=1784396934&s=books&sprefix=a+metamorfose%252Cstripbooks%252C274&sr=1-5;8571646856
O Sol é para todos;finished;Harper lee;349;14:25:26;4;11/07/2024;EUA;Clássico;;51926;o-sol-e-para-todos.jpg;https://www.amazon.com.br/sol-é-para-todos/dp/8503009498/ref=sr_1_1?__mk_pt_BR=ÅMÅ_ÕÑ&crid=W284X2RBI3EJ&dib=eyJ2IjoiMSJ9.pm08X8mh-UKcoCft5kY4UFSUPlC-PwQsP1VEatUm9FLrUGxUs8jbk-RQqQQHZW00crOGpvppnMUK4OUer9Bm1jTpO_zmc6jufT18sxjdBb26FzXRgAhsUP5BrmqR2tBXfnJQbgOtlvzf9EtErOkhsl-yMc14GFvMJW0RwCD-0zPGkwCSK5wcFe6npgIOwz5gd2D4f0DDuBnLuOMurlpOX0DNkfNp9U27DvI7kQqfKMM.d7yecTfRI9OUQ5d9vDvrnV9afbpmQwpDaTf8RfcRm9I&dib_tag=se&keywords=O+Sol+é+para+todos&qid=1784396961&s=books&sprefix=o+sol+é+para+todos%252Cstripbooks%252C279&sr=1-1;8503009498
Nascido para Correr;finished;Christopher McDougall;383;15:49:44;4.6;29/06/2024;EUA;Esporte;;56984;nascido-para-correr.jpg;https://www.amazon.com.br/Nascido-para-correr-experiência-descobrir/dp/6580634480/ref=sr_1_1?__mk_pt_BR=ÅMÅ_ÕÑ&crid=3O0XPCWB4NVFJ&dib=eyJ2IjoiMSJ9.OMgpdLRZRXOP3BOMx8La8IUO8ragXc8r8YFOiaRxO1QJDSsdsaRFAITHJDwQ6GNuzTENqozyekjow2n16Fu3-BpHUVWmmnxzZPJI96FC7oWN2iIsqT3VZ8x59FbAcwOxTb3-3XAxKckpIOOc1-rzL5JR4GeP6TvtkWJ3ff81g80vuLXtqApjfa-E4rji7GPSY91SAl19AWPtd6CjFmXFARo1gmjuhe4rLGJxlgCyWUg.w9MUHfMTVWd5v_ZgQdCBtms9RymkOk7YVtCpmnvGwZQ&dib_tag=se&keywords=Nascido+para+Correr&qid=1784396983&s=books&sprefix=nascido+para+correr%252Cstripbooks%252C267&sr=1-1;6580634480
Nunca Minta;finished;Freida McFaadden;316;11:02:16;4;09/03/2026;EUA;Thriller;;39736;nunca-minta.jpg;https://www.amazon.com.br/Nunca-minta-Freida-McFadden/dp/8501923281/ref=sr_1_1?__mk_pt_BR=ÅMÅ_ÕÑ&crid=27MC6HNIIDW9P&dib=eyJ2IjoiMSJ9.oqbCv4NKtpusxqLwK0_BmtktVspKyABsuk4dKo-ZjxkV1apWrbVRflIbmT1e5_tehQTUkQWNFD2zD6LDksw7oWprR0JpsfTURvtX7v5CSTxRE6t99Q1fW3rC5rn6_kut.ljbIvLRDRe069IMoFt9GWxrbIUQjlFuUkeV5Cv2Ssbc&dib_tag=se&keywords=Nunca+Minta&qid=1784396997&s=books&sprefix=nunca+minta%252Cstripbooks%252C283&sr=1-1;8501923281
Eu receberia as piores noticias dos seus lindos lábios;finished;Marçal Aquino;242;08:58:04;3.9;08/05/2026;Brasil;Romance;;32284;eu-receberia-as-piores-noticias-dos-seus-lindos-labios.jpg;https://www.amazon.com.br/receberia-piores-notícias-lindos-lábios/dp/853590736X/ref=sr_1_1?__mk_pt_BR=ÅMÅ_ÕÑ&crid=2GPTFS5WHL5YV&dib=eyJ2IjoiMSJ9.nPqv3QKqD9q1OBV3ZEGCEiA638T1vGRlEFUM6pg8nPn0YmWQ6PTZrNv1BFQ-2kYoziwjwbcMQelWjMdzuVQRWI8xrcFbXcVYieJ1jxbVZFWfqp0nbznv84Mh9qK9Zxh6cqBhvEt56moVYc4-YAYBiA._cBA44BowHIP43qOPe6VlUF2Fr6Az_Vm0k4UodDIshk&dib_tag=se&keywords=Eu+receberia+as+piores+noticias+dos+seus+lindos+lábios&qid=1784397027&s=books&sprefix=eu+receberia+as+piores+noticias+dos+seus+lindos+lábios%252Cstripbooks%252C281&sr=1-1&ufe=app_do%253Aamzn1.fos.6d798eae-cadf-45de-946a-f477d47705b9;853590736X
Versos para acalmar o Vento;finished;Priscilla B. M. Navas;193;07:58:35;3.6;19/08/2025;Brasil;Poesia;;28715;versos-para-acalmar-o-vento.jpg;https://www.amazon.com.br/Versos-acalmar-Priscilla-Barreto-Menezes/dp/858297955X/ref=sr_1_1?__mk_pt_BR=ÅMÅ_ÕÑ&crid=2G8NTTMN474NT&dib=eyJ2IjoiMSJ9.ZnCCgXctTU1tRd2B6LoMUdR8EEaJugrWwtN9t-FRXxI.A6Hh9rUA1UHm4qHsoMJHdABG55BuzkfN7QD-39Plqow&dib_tag=se&keywords=Versos+para+acalmar+o+Vento&qid=1784397043&s=books&sprefix=versos+para+acalmar+o+vento%252Cstripbooks%252C276&sr=1-1;858297955X
O Vicio dos Livros;finished;Afonso Cruz;93;03:50:37;4.4;22/12/2025;Portugal;Literatura, Ensaios;;13837;o-vicio-dos-livros.jpg;https://www.amazon.com.br/vício-dos-livros-Afonso-Cruz-ebook/dp/B0CW1KQBR1/ref=sr_1_1?__mk_pt_BR=ÅMÅ_ÕÑ&dib=eyJ2IjoiMSJ9.D59Er0eUtSi44KeNOUoXvwdHuo2-7zh3kb6Woo3v4uwO4Uwf2gxykHpad4Rq5zywaeV6aLQyDqPlc1t155uc1U4iBi0yIFnblsTW1UqR7uiwMHuQ8LF34qNiang2KpCVjBTCJ56hLi5jJp6dYSS76ROq5hrMjLCWCL6drB4T9Fz2jZarEAgUY_pIr-foJ97vtCpKDJMhPrR4SlSi_60Txl3emTPf0dH5A7czkHUOb48.cd9QyudTK5a9NKT1T3_BS9Od_I_PEpMQcJ-O0nCMzbE&dib_tag=se&keywords=O+Vicio+dos+Livros&qid=1784397070&s=books&sr=1-1;B0CW1KQBR1
O livro do desassossego;finished;Fernando Pessoa;368;15:12:33;3.9;24/01/2026;Portugal;Clássico;;54753;o-livro-do-desassossego.jpg;https://www.amazon.com.br/Livro-do-desassossego-Fernando-Pessoa/dp/8594318952/ref=sr_1_1?__mk_pt_BR=ÅMÅ_ÕÑ&crid=34UKKAKOFHZ2S&dib=eyJ2IjoiMSJ9.1ECzf6kNQyf7Yf-5RL6vRrCE_EexDtrvYS2Yl30e2RFfdOxHRa8JYmkmxgCWEdS4opu94ZdYvz11wXZXq7EjLFMXxuqc7GPkIqMq7oAVkcHGFGPnsvKox9Dw0AMaqgzgxtmJ5xbxH3Jciq3S2TIbYhEyjt0j5dkn_ejcPR9XGfQoAhRV50HjkzpK8h-ajw4xndBoZuot9-hJJ6q4kIBz04nS2dS8D85dhcqN46wNoXI.gowWCOe2i5IhWMiMbW4eaK5RETI0IPtYP4Yb9p7ejmM&dib_tag=se&keywords=O+livro+do+desassossego&qid=1784424121&s=books&sprefix=o+livro+do+desassossego%252Cstripbooks%252C272&sr=1-1;8594318952
Foi um péssimo dia;finished;Natalia Borges Polesso;93;02:14:03;3.9;26/01/2026;Brasil;Humor;;8043;foi-um-pessimo-dia.jpg;https://www.amazon.com.br/Foi-péssimo-Natalia-Borges-Polesso/dp/6555531134/ref=sr_1_1?__mk_pt_BR=ÅMÅ_ÕÑ&crid=KMWLPKNOXT2P&dib=eyJ2IjoiMSJ9.tViZCYLFmPt0srTNbY0V76SrcecdLsV4bTaz1O1h7PJ2_teJB3gEgQFC8DypIF2qZB6OJ6Tf0nIPDWtIMuao5Qe6xZTF2iHBkdTOZKJkCnm4eVqZPqk6mbqnm5maR0bfsqr-maRqmj40Is4IEtYSSkoAdzZJg5T4mz-MOn91ghB_uMP7-xjPx45vhRFS0DZ0.DI8rkTwNgDb3uP89HgBPyeYYqmhjzghQXnKiwVDDStk&dib_tag=se&keywords=Foi+um+péssimo+dia&qid=1784424154&s=books&sprefix=foi+um+péssimo+dia%252Cstripbooks%252C278&sr=1-1;6555531134
Não fossem as sílabas do sábado;finished;Mariana Salomão Carrara;168;04:18:00;4.1;31/01/2026;Brasil;Poesia;;15480;nao-fossem-as-silabas-do-sabado.jpg;https://www.amazon.com.br/fossem-sílabas-Mariana-Salomão-Carrara/dp/655692282X/ref=sr_1_1?__mk_pt_BR=ÅMÅ_ÕÑ&crid=1AQRJY7PDYF1W&dib=eyJ2IjoiMSJ9.95uFJpEAfTwENzZ3lJZyEuzycKVvG9Cy1C7UmJiMvzaifyzGAvgsOlNyOUd1bBK31YcSXMUN1aYtzO6wYx0X-931lQ973QsJOoLL37SeR1oMTCA9m46E99fMZdFOysekQWvq-qO-h4gMN4Ksn5mTNcdNfGtShSLrUgyMsZfbnxzCMQUe9oUJ7_B2C_zR72ziDVRTtcUhw1AUgCe_A5VsgucY4a85CF2uhzcy2o0MINA.galTfIoqXbCtmYqX_PB1PLxdweRYrqBOMLkjDdzWgL8&dib_tag=se&keywords=Não+fossem+as+sílabas+do+sábado&qid=1784424179&s=books&sprefix=não+fossem+as+sílabas+do+sábado%252Cstripbooks%252C282&sr=1-1;655692282X
Não pise no meu vazio;finished;Ana Suy;133;03:10:03;3.9;01/02/2026;Brasil;Poesia;;11403;nao-pise-no-meu-vazio.jpg;https://www.amazon.com.br/Não-pise-meu-vazio-livro/dp/854222244X/ref=sr_1_1?__mk_pt_BR=ÅMÅ_ÕÑ&crid=29M8WFCD4YNAM&dib=eyJ2IjoiMSJ9.xnxx6Lmb6FHvSM2IS486jZolqaaM5vFlWSsIq-EV3qpyyEeZFEQUud4W1EGN5s9Hpv5WHRs-w4PBSI51XXNH8Assg9Ig8nZSXb_vrczhIK2pDVLpjjugbGiBDaIm6NTaMj3eQXUoinB79qjqRxmtHEavPzx-cfu34zJLaPCx0sJtJixy09WXyS8c_rdKEZelCIzask_oBfPu7KQrgAehBmdgCFSmFror5x98LmUc3E4.z4QXkaERbbPk1rEiyjn8KASEsfnKgZ4Ay5t0Iq6k_FU&dib_tag=se&keywords=Não+pise+no+meu+vazio&qid=1784424198&s=books&sprefix=não+pise+no+meu+vazio%252Cstripbooks%252C272&sr=1-1;854222244X
A Máquina do Caos;finished;Max Fisher;543;13:45:03;4;11/05/2026;EUA;Tecnologia;;49503;a-maquina-do-caos.jpg;https://www.amazon.com.br/máquina-caos-redes-sociais-reprogramaram/dp/6556924008/ref=sr_1_1?__mk_pt_BR=ÅMÅ_ÕÑ&crid=2Y9BGFWEEHU9I&dib=eyJ2IjoiMSJ9.jHvfqg9dQRbDHv4G9Ckni88o4q6TI9IDueSZ0Afo52SyfiO6TUHzO0LEiFVsY1FsYd5jgizwa8YTt6rOFGIEANQrR014jR-z04G-15zEedOM0nmfKqgGAq_AzCxY4UI0-az8nXEBorFW6kZYsD1mYn6UhtZiSxNKc-TO72jbDaOts7IzMobczyYEcCFH40e6OclADV5cQL4WWbbnogxeRcC685RSehAoJDe-LtgiBtw.eo3sUkCHJRiew2UUN7Pr6ZLyLV-sKk4LC6GptW3HNMk&dib_tag=se&keywords=A+Máquina+do+Caos&qid=1784424236&s=books&sprefix=a+máquina+do+caos%252Cstripbooks%252C330&sr=1-1;6556924008
Desculpe o exagero, mas não sei sentir pouco;finished;Geffo Pinheiro;127;05:14:56;4;06/04/2026;Brasil;Crônicas;;18896; mas não sei sentir pouco;https://www.amazon.com.br/Desculpe-exagero-mas-sentir-pouco-ebook/dp/B0BH7748MG/ref=sr_1_1?__mk_pt_BR=ÅMÅ_ÕÑ&crid=15GF1C82PNJB&dib=eyJ2IjoiMSJ9.zFvpc5Ujxa8ZEDYtvOGhhJGXfAHdoH8bwfMmjIefMNxJBXpUFT7yPHraGPCi25aX83TH3PXl_zFy5qg2niu3bw.Pt1pnBMOiRIU9GyryWEDfYooLLxHuORwGFgtHCV-XK8&dib_tag=se&keywords=Desculpe+o+exagero%252C+mas+não+sei+sentir+pouco&qid=1784424259&s=books&sprefix=desculpe+o+exagero+mas+não+sei+sentir+pouco%252Cstripbooks%252C291&sr=1-1;B0BH7748MG
A Era da Influencia;finished;João Pedro Paes Leme;272;07:05:21;4.6;23/04/2026;Brasil;Marketing;;25521;a-era-da-influencia.jpg;https://www.amazon.com.br/s?k=A+Era+da+Influencia&i=stripbooks&__mk_pt_BR=ÅMÅ_ÕÑ&crid=39SLAF0X6TTDB&sprefix=a+era+da+influencia%252Cstripbooks%252C285&ref=nb_sb_noss_2;
Protocolo Zero;reading;Anthony McCarten;273;;;Lendo;Nova Zelândia;Thriller, Suspense;;;protocolo-zero.jpg;https://www.amazon.com.br/Protocolo-Zero-Anthony-McCarten/dp/8501923451/ref=sr_1_1?__mk_pt_BR=ÅMÅ_ÕÑ&crid=2RWHAUH9RVTZN&dib=eyJ2IjoiMSJ9.HEPpnAPt0DIpCwbJdXXk7zRU5PKJak5OD2gWdacIwUZTPNjHE4KVg-z1GvUT3meI4PHVoI6O5ERuqz9F0o8o-QL_QbzVNeC9xgaSyVM2Hq7PAIufSWQUbwW_eVBWDbSmfuN1Q6rh9kiPXzRxqguHzGWFdxULqSgbhClBOY8ZxuvhJ3We9Y9x0Y65mLjoB6mjIzs7NMF5aK4UchGmHeuEfENwHQyA4l8RdAXWZhtL7Jo.7n2Mms-yB9EqFgWH8QWhMHOmaImsdGtp9pW51SBZnTM&dib_tag=se&keywords=Protocolo+Zero&qid=1784424308&s=books&sprefix=protocolo+zero%252Cstripbooks%252C396&sr=1-1;8501923451
Sobre a terra somos belos por um instante;reading;Ocean Voung;230;;;Lendo;Itália;Filosofia;;;sobre-a-terra-somos-belos-por-um-instante.jpg;https://www.amazon.com.br/Sobre-terra-somos-belos-instante/dp/6555320036/ref=sr_1_1?__mk_pt_BR=ÅMÅ_ÕÑ&crid=2EM9BY69A7FDO&dib=eyJ2IjoiMSJ9.N2Bfl9URGHyGvCFtAdpFGezycKVvG9Cy1C7UmJiMvzZdVAACqwbc-KQxGGabVLckiPqc660lcS0vOMWbuW5hfs-w7qFceI7cma8GO2ys256Uhv-AcdjZSSzwtDJfoqoElHhT1DI99PK54cp9v66NOf6ZJC79HrG87uGXzL-60eBlhsRCRAhHBY_8OrldGK6fWA-bljVa8fc_55CIAHi0vTUj-Q9zHj6XjXdsQ5RQnn8.kLBao-4FEAVzDHhDm3PxPhGzgT7rtcCNyS2tkV2GhG4&dib_tag=se&keywords=Sobre+a+terra+somos+belos+por+um+instante&qid=1784424327&s=books&sprefix=sobre+a+terra+somos+belos+por+um+instante%252Cstripbooks%252C266&sr=1-1;6555320036
O Lobo da estepe;reading;Herman Hesse;252;;;Lendo;Alemanha;Clássico, Filosofia;;;o-lobo-da-estepe.jpg;https://www.amazon.com.br/lobo-estepe-Hermann-Hesse/dp/8501113883/ref=sr_1_1?__mk_pt_BR=ÅMÅ_ÕÑ&crid=2695UUBZCRQ52&dib=eyJ2IjoiMSJ9.aV-h2LQIXgeWThGYsow9zX26or8mnlfUxZCtuVYpU_BBN0nHwolim7FCFP0CjIqd79EcP7iytrRgiQsuCfjH6WR-I5ynUWbwgQ78yBvN1ZTsGl9bnAZNygu6hJlygMNB8pn7JObaNwUI2dpLXB6oTOSa4ti5FDeN2zBjkbyKKmvOl669TV2GjNKhSMhXK8FduMTU5CV8SOQPf-5tiXJxFk8JKqZf2uiEgXKCEi6iG2g.dnjMhc-jgL1gUjLwTzb_tl3NGG5Fn31oL8bb9X8-COg&dib_tag=se&keywords=O+Lobo+da+estepe&qid=1784424357&s=books&sprefix=o+lobo+da+estepe%252Cstripbooks%252C267&sr=1-1;8501113883
Kafka à beira mar;reading;Haruki Murakami;675;;;Lendo;Japão;Ficção, Realismo Mágic;;;kafka-a-beira-mar.jpg;https://www.amazon.com.br/s?k=Kafka+à+beira+mar&i=stripbooks&__mk_pt_BR=ÅMÅ_ÕÑ&crid=L4H8JYJ572L0&sprefix=kafka+à+beira+mar%252Cstripbooks%252C272&ref=nb_sb_noss_1;
Sem chance de Adeus;reading;Reese Whiterspoon;391;;;Lendo;EUA;Thriller, Suspense;;;sem-chance-de-adeus.jpg;https://www.amazon.com.br/Sem-chance-adeus-Harlan-Coben-ebook/dp/B0GH1DZ318/ref=sr_1_1?__mk_pt_BR=ÅMÅ_ÕÑ&crid=33FM8486EK11S&dib=eyJ2IjoiMSJ9.RZk3ibOm9TLzdNmdSZT6jKOTpPdbaL-4msbWfAvAZ7aQz8LoVChzVWXPfX46jYNSsxJTLqCcx9vC6HMeMV-Lt22OQFj-6qjkn0c7A01pT-jA_Lt9CBNbtYLwMHAeuuqcyxZr1U8FYjpyYKLJCpfiEKkmQa8CEBVK1H8cFznAPWUD-SyEUt0I9mttvKPkvrZLzJX5iCD-Ng4ndOZCpfeBfqw2WyhddxKMfVXyyd0i1T8.skJ9P2EkfHLxzekPyaM4uVaAx0UJ2eozOB5Qz6qPQJ4&dib_tag=se&keywords=Sem+chance+de+Adeus&qid=1784424399&s=books&sprefix=sem+chance+de+adeus%252Cstripbooks%252C269&sr=1-1;B0GH1DZ318
Morro dos ventos uivantes;reading;Emily Bronte;368;;;Lendo;Reino Unido;Clássico, Romance;;;morro-dos-ventos-uivantes.jpg;https://www.amazon.com.br/morro-dos-ventos-uivantes/dp/8594318235/ref=sr_1_4?__mk_pt_BR=ÅMÅ_ÕÑ&crid=I0822W6AB7N9&dib=eyJ2IjoiMSJ9.g-G4eOKuENpy5FBD5ijs-z9ra3Tu0pbQxzOw1bfMCw2qOz0D3tarfhuv0AOv2tS2yfHRZS_BUvIOL-wEoqefuTB-qTVfzahpfAY3UQFK7vR1nQZBs4YV2O42-SYu2sKjiC1wUVOVuJS18HTo1MIwFNW7wEKDbG6VQyfyJJ-gU_L8EcqlxtH836KiRso-yQHg2Tynde9z3SKlKOrYQFf0hrkGwvul1j4I64JDtBZGP-M.3n9JuxW2Ci7sLwAWUgCkuy18dMuxBsYoSaw2R48Jb_4&dib_tag=se&keywords=Morro+dos+ventos+uivantes&qid=1784424417&s=books&sprefix=morro+dos+ventos+uivantes%252Cstripbooks%252C275&sr=1-4;8594318235
Breve História de quase tudo;reading;Bill Bryson;544;;;Lendo;EUA;Ciência, Não Ficção;;;breve-historia-de-quase-tudo.jpg;https://www.amazon.com.br/morro-dos-ventos-uivantes/dp/8594318235/ref=sr_1_4?__mk_pt_BR=ÅMÅ_ÕÑ&crid=I0822W6AB7N9&dib=eyJ2IjoiMSJ9.g-G4eOKuENpy5FBD5ijs-z9ra3Tu0pbQxzOw1bfMCw2qOz0D3tarfhuv0AOv2tS2yfHRZS_BUvIOL-wEoqefuTB-qTVfzahpfAY3UQFK7vR1nQZBs4YV2O42-SYu2sKjiC1wUVOVuJS18HTo1MIwFNW7wEKDbG6VQyfyJJ-gU_L8EcqlxtH836KiRso-yQHg2Tynde9z3SKlKOrYQFf0hrkGwvul1j4I64JDtBZGP-M.3n9JuxW2Ci7sLwAWUgCkuy18dMuxBsYoSaw2R48Jb_4&dib_tag=se&keywords=Morro+dos+ventos+uivantes&qid=1784424417&s=books&sprefix=morro+dos+ventos+uivantes%252Cstripbooks%252C275&sr=1-4;8594318235
O útimo Adeus;reading;Cynthia Hand;352;;;Lendo;EUA;Drama, Ficção;;;o-ultimo-adeus.jpg;https://www.amazon.com.br/Último-Adeus-Cynthia-Hand/dp/8594540027/ref=sr_1_1?__mk_pt_BR=ÅMÅ_ÕÑ&crid=18R9SPUKTXYHJ&dib=eyJ2IjoiMSJ9.v3BrH7bmBw1VJrQFjNq7xu4kIt9nmqIYcfEZWWK-iD2iSlX66ks61N-UVx-jz9Yz0x8ddUnHZdT1hWjrhVNiYo0J8BQM8-tq1_-18tHPBAkQxDJ4ty1uLB4dPvGEpG9nx-IIVs2UQc3uY6H1sXhkoXTbZGNElcV3dApzarUcYXM9dRwPjs8UbNI_K-KkW8bCcLBTlGc2lhP4FWtbGGavAyQbtAtn8fh4AgLSBuNsknc.gmfkj5-3FrTacK3eFi5rSf_sZXURYajCcNnvu-WVl6E&dib_tag=se&keywords=o+último+adeus&qid=1784424452&s=books&sprefix=o+útimo+adeus%252Cstripbooks%252C263&sr=1-1&ufe=app_do%253Aamzn1.fos.6d798eae-cadf-45de-946a-f477d47705b9;8594540027
O milagre do Amanhã;reading;Hall Elrod;178;;;Lendo;EUA;Produtividade, Desenvolvimento Pessoal;;;o-milagre-do-amanha.jpg;https://www.amazon.com.br/milagre-manhã-Hal-Elrod/dp/8576849941/ref=sr_1_1?__mk_pt_BR=ÅMÅ_ÕÑ&crid=26RB8TRH741WG&dib=eyJ2IjoiMSJ9.eXBEDGl65yuw_MBpCTiM3Kw7jnVpS0VtnRageg80YwuxMJTa88JRaus0L9bGAWCZaVhnAQtWskcBX2FKDYAqKOip15cOv5ebj3tekZJVezN6Ej9xDfS0A-mjbMsNGhkSzn4vb9J-o7N-L-G59jxmnpGQBn429jM36ZiDPNtSTsJlSkJPcpqxjzdHloJbEiIgTioRPSgZS_j4U6NGGNxHUyFqkuLZ6aFk-hHG5ISEfUg.1WAn7yAN4bD5DmyS-R8gOzwwKrZTZ-pbXZQHVCL3eiw&dib_tag=se&keywords=o+milagre+da+manhã&qid=1784424472&s=books&sprefix=o+milagre+do+amanhã%252Cstripbooks%252C266&sr=1-1;8576849941
Palmeiras Selvagens;reading;William Faulkner;314;;;Lendo;EUA;Clássico, Romance;;;palmeiras-selvagens.jpg;https://www.amazon.com.br/Palmeiras-selvagens-William-Faulkner/dp/8535936351/ref=sr_1_1?__mk_pt_BR=ÅMÅ_ÕÑ&crid=2YELEU8UQBQKX&dib=eyJ2IjoiMSJ9.kCHZh5ozd7aJqUatg2v2O_e3Btln1JnydhvW5TsWFuA1k5EZ04zx8gWJdWTFy7LX3No9caRGEGCEYLOXHsoIyyrexvGD6Lfep5vUd7mb6bc.wpWCynreGHCcNeQF0G7CR9Zdloq89ptoqpFdCUiqi9s&dib_tag=se&keywords=Palmeiras+Selvagens&qid=1784424491&s=books&sprefix=palmeiras+selvagens%252Cstripbooks%252C259&sr=1-1;8535936351
Chocolate quente äs quintas-feiras;Planned;Michiko Aoyama;130;;;Quero Ler;Japão;Ficção, Literatura;;;chocolate-quente-as-quintas-feiras.jpg;https://www.amazon.com.br/Chocolate-quente-quintas-feiras-Michiko-Aoyama/dp/6555656719/ref=sr_1_1?__mk_pt_BR=ÅMÅ_ÕÑ&crid=BOVETPHHMSJW&dib=eyJ2IjoiMSJ9.ig_rIecJaBcQiuSUYpuj30d7HkyCz5CLSDGW5lDaw_8.-ZvQFPHE2z4BBOEWvb8vdh2ysUSW2yKcf7GCrY58cZ4&dib_tag=se&keywords=Chocolate+quente+äs+quintas-feiras&qid=1784424513&s=books&sprefix=chocolate+quente+äs+quintas-feiras%252Cstripbooks%252C282&sr=1-1;6555656719
Palavras que aprendi com a chuva;Planned;Asha Lemmie;374;;;Quero Ler;EUA;Ficção, Romance;;;palavras-que-aprendi-com-a-chuva.jpg;https://www.amazon.com.br/Palavras-que-Aprendi-com-Chuva/dp/6555982519/ref=sr_1_1?__mk_pt_BR=ÅMÅ_ÕÑ&crid=2BD4E30OIAA63&dib=eyJ2IjoiMSJ9.62jo2oct4OU4Ijr1SyVM5k0pUVqFRHUBzfTA2d9LND1GizOanlv-oJlFXGcqzBWfEcrkRefD4BXCeK2tdfYWtUcODE3-nUioVkP91V7sCRN6wgUPjy59eku0ex7fx4XnnnyoDWQxf6Kd_6LltFSa5Q.IXohh0El-CvQ2cGpnnhhFrspRtO-jVGheBgiPUlAYlA&dib_tag=se&keywords=Palavras+que+aprendi+com+a+chuva&qid=1784424533&s=books&sprefix=palavras+que+aprendi+com+a+chuva%252Cstripbooks%252C275&sr=1-1;6555982519
Carta ao Pai;Planned;Franz Kafka;92;;;Quero Ler;República Tcheca;Clássico, Correspondência;;;carta-ao-pai.jpg;https://www.amazon.com.br/Carta-ao-pai-Franz-Kafka/dp/8571646848/ref=sr_1_2?__mk_pt_BR=ÅMÅ_ÕÑ&crid=5P38GUL3LUVO&dib=eyJ2IjoiMSJ9.uh9r37Q0O0et8E0QC98Hri3RuzwsMkSosgL-rV-wGrdoWhxoJLWF07KoDTCsK1OzPUgOkiyGJGTgNP1rrwapyNRrXZ4M1nKwvM85h0-S805_anKiQ5dnCjpjJ0SMQV9fUsBABDxHjAPUSbQokQfBPUGfXI69jNcBHbQV5beJFAxeXh1bN9DqO8WSdCIJZRPEkjcpP1Vs19cXE29a5ca8eLI-IBpXFaXH9N9_cVDqrPY.3VyJXZT2S8bLgB84WLCoALPYlcM5ZvIw0rJgPtAW14A&dib_tag=se&keywords=Carta+ao+Pai&qid=1784424561&s=books&sprefix=carta+ao+pai%252Cstripbooks%252C282&sr=1-2;8571646848
Os sete códigos da energia;Planned;Sue Morter;450;;;Quero Ler;EUA;Espiritualidade, Desenvolvimento Pessoal;;;os-sete-codigos-da-energia.jpg;https://www.amazon.com.br/Os-Sete-Códigos-Energia-Realidade/dp/8531524288/ref=sr_1_1?__mk_pt_BR=ÅMÅ_ÕÑ&crid=2A5BJPVSAA388&dib=eyJ2IjoiMSJ9.SqQJEFnqoZv5TOBR1xhRdMSKRAe88ZlhJDgc4lZgzpOU6vVcO1qJKX3zg9rF4Yh12ploPUcxUfIDT0RNznYcRntyYFqyJNIn2Ur-P3DytT47i7Hmmrio2UBePu8EeM7xnRWkO0vp8KHBp76dkgUMgDwoqqCDVe5KS0BsbnElsNf6fEAaKoiO9EfFr2npPd8O8UHwG5hUZ5L4MB49gJuZOSTE2ZMCYqVRION0TRtyzOQ.jXaImmgCEiS85wfMtMjNAWFQaCvlSJiMLNJX9BFzdrs&dib_tag=se&keywords=Os+sete+códigos+da+energia&qid=1784424592&s=books&sprefix=os+sete+códigos+da+energia%252Cstripbooks%252C278&sr=1-1;8531524288
Sobre os ossos dos mortos;Planned;Olga Tokarczuk;256;;;Quero Ler;Itália;Filosofia;;;sobre-os-ossos-dos-mortos.jpg;https://www.amazon.com.br/Sobre-os-ossos-dos-mortos/dp/6580309695/ref=sr_1_1?__mk_pt_BR=ÅMÅ_ÕÑ&crid=3PNI7XF31DUBM&dib=eyJ2IjoiMSJ9.Ytpnh-QS88EVvs1qOdkCN26_2F1EBSSF1y4vg1Cfr9QaoVmKGgdyW82edys2h2ObaqjSGguJtIrB6CmzXPFSYiCx-M5Kmp4NuXwQAvz9OiYxHHfTHTCz489H5E_SnAlGRAqt9QV3E_JrPou0CPnQKxj1NDQ0WTfLBJSiB5aXnVks-3MZ3i7XtApewhRsqJWOmnwdz8ktU8cEGoZetPaJ_sKw75BYij0XBxX8hwgnLxg.VljxLsRj8DN9OriEuMTK3HsAE99v3ZMOalrEbmI7x3Q&dib_tag=se&keywords=Sobre+os+ossos+dos+mortos&qid=1784424613&s=books&sprefix=sobre+os+ossos+dos+mortos%252Cstripbooks%252C256&sr=1-1;6580309695
Nada mais ilusório;Planned;Marta Pérez-Cabonell;149;;;Quero Ler;Espanha;Ficção, Drama;;;nada-mais-ilusorio.jpg;https://www.amazon.com.br/Nada-mais-ilusório-Marta-Pérez-Carbonell/dp/658585439X/ref=sr_1_1?__mk_pt_BR=ÅMÅ_ÕÑ&crid=19GCT0IT9IIDJ&dib=eyJ2IjoiMSJ9.8kl5Lhz9BZjfSuplZozxa2RdH_X9NVbUY0ow6eAkVlVckBazCJJ9zyl9vHHRFuDXAAYNwPzhIssW88zSZOjSnxBR1D0KZVyzjsYXSr9s9heXZAxhzopDq4RS1TK4lb3OiOurRo6PSWzGZUtNjsFKag.Jq3_gXHO0bpcjPvhTL1LhFuDXgtq61r-J720qdgkmn4&dib_tag=se&keywords=Nada+mais+ilusório&qid=1784424632&s=books&sprefix=nada+mais+ilusório%252Cstripbooks%252C261&sr=1-1;658585439X
Ruído;Planned;Daniel Kahneman;473;;;Quero Ler;Israel;Psicologia, Não Ficçã;;;ruido.jpg;https://www.amazon.com.br/Ruído-Uma-falha-julgamento-humano/dp/8547001336/ref=sr_1_1?__mk_pt_BR=ÅMÅ_ÕÑ&crid=33ZEHC3RDOYNE&dib=eyJ2IjoiMSJ9.hgOmmTPvNPxC4TfXmIQEN8gxgO2708OjURGGApQBNu1UvC5PFA8NQOFWY8rpXecdqwMwHdGo3dNme4f9j7e9Mn-ymnAkIOG5durtPBO81JAvQW9oQdfGOZhpCplZH936urElZyqvgAlup0Xsuakp1EJL8kgEKrvHcf9eAm1VK5a3l-roVipLqJ6uVfUIfL9kHLyjBR0n_RDnal02qdYoDar9kdeYTCkpC8ZK2xFJlzE.whOsqUFPfiQZw4mdHJpHM1P_Dooz0RHbJGu6iZF7Bz4&dib_tag=se&keywords=Ruído&qid=1784424657&s=books&sprefix=ruído%252Cstripbooks%252C268&sr=1-1;8547001336
Inteligencia Emocional - A teoria revolucionária que redefine o que é ser inteligente;Planned;Daniel Goleman;398;;;Quero Ler;EUA;Psicologia, Desenvolvimento Pessoal;;;inteligencia-emocional-a-teoria-revolucionaria-que-redefine-o-que-e-ser-inteligente.jpg;https://www.amazon.com.br/Inteligência-emocional-Daniel-Goleman/dp/8573020806/ref=sr_1_1?__mk_pt_BR=ÅMÅ_ÕÑ&crid=11ERQR2JGGR4J&dib=eyJ2IjoiMSJ9.GCP4Eq98cREZ_ArOp0Ap66zrL9q9uo44yVqInq9Yndaj-YJYcv11OCPpfl6z1ylv1SGOLkKgPScPDO9k6arZoURubfukbFg43c8klSQqAGhW198p9GTGrdOmFylmEhWYWdZbiOpCWsl8oW_cppt1-n6p8A_FA553etFp1r3G1Ng5ow-ycAjxaxSYNK9NA46F.LWYm2Qz0nNlSKlgmRVfa33M2E02s4IqbLhlTyjmoanI&dib_tag=se&keywords=Inteligencia+Emocional+-+A+teoria+revolucionária+que+redefine+o+que+é+ser+inteligente&qid=1784424680&s=books&sprefix=inteligencia+emocional+-+a+teoria+revolucionária+que+redefine+o+que+é+ser+inteligente%252Cstripbooks%252C255&sr=1-1;8573020806
How To do nothing;Planned;Jenny Odell;256;;;Quero Ler;EUA;Produtividade, Não Ficção;;;how-to-do-nothing.jpg;https://www.amazon.com.br/Resista-não-faça-nada-Economia/dp/6589275017/ref=sr_1_1?__mk_pt_BR=ÅMÅ_ÕÑ&crid=1RQJSOV37HRKR&dib=eyJ2IjoiMSJ9.y-bP_KAuso1yuz67gYbd-bzIcCXzaASG2_Q7X7n9Rnu_8U4okD-n0p87NqKT3QVoVujIpiq4CijSoljmddQ7j-l4w5h_2TkiyGRWUTt-4np0PkCO8zknnuOO9zEJqLHIRiDs8uTk7Fzelu5gzOi5BdOKo9HUB3LPazDrLcXwRLR646rlwmv5lbW5LnJFxLN0ZTThhvFmmaEIj9GP9sSBEiXYEpAZX4YFp4WwZXGSLM0.ayxKebeZ4ifWG9mcvnctw6_P7XGXSp_C1fgKLUUisBU&dib_tag=se&keywords=como+nao+fazer+nada&qid=1784424711&s=books&sprefix=como+nao+fazer+nad%252Cstripbooks%252C268&sr=1-1;6589275017
O fim da Infancia;Planned;Arthur C Clarke;320;;;Quero Ler;Reino Unido;Ficção Científica, Clássico;;;o-fim-da-infancia.jpg;https://www.amazon.com.br/Fim-Infância-Arthur-C-Clarke/dp/8576574578/ref=sr_1_1?__mk_pt_BR=ÅMÅ_ÕÑ&crid=2J1H54E9RAJIB&dib=eyJ2IjoiMSJ9.R5iM6q4OyD6kk3L6nAdUiPTjAJzCDjiqy606oTeZaodhBIPFbh8zSCH-66pe0nBvMoeiquX17AmspvkITFiU2skOOBUp9xIeFwPU21ToXEunzcgyGFS1P2c51iWZksCf7KO-OOkbvCNlAVAD__a4uJVxntmrUlDpafr3mfS3V1j0vZQOEqWMULFHKoBLMQ0kleuzFeJ1fOgLXNSi9L3BI7OF_YD7psoMq8Xltd1AHlo.7hgYAvmIj_cNrKHZTGk0w3ILwlPfilPtz4oViWRIGsU&dib_tag=se&keywords=O+fim+da+Infancia&qid=1784424735&s=books&sprefix=o+fim+da+infancia%252Cstripbooks%252C263&sr=1-1;8576574578
Alchemised;Planned; SenLinYu;1041;;;Quero Ler;Reino Unido;Fantasia, Romance;;;alchemised.jpg;https://www.amazon.com.br/Alchemised-Edição-brasileira-SenLinYu/dp/855101305X/ref=sr_1_1?__mk_pt_BR=ÅMÅ_ÕÑ&crid=1DZ9C300K68MT&dib=eyJ2IjoiMSJ9.7X8ctIuqRKhEbaZq5a667c1zeeKtYMCaru71XzKUreq61tXRV6vA1J2HXrLcwkgawwH0lq4Hq_A_jgxbrX3t-bXiTig95cwvQca_UWm99DwY4ZKg7mFCrLWxgYylK1Svn1eZ557JfAp9biUHGqMzi_FxQBM0gp9Wph5XjIxQYoe47yVveRgn8gqKSTSgXZIM2a0wu71KJQoRE2bJtyDp9dXgnRJzwzyA88vYS_4DowA.MN-o7xTjUyrDR_UbOd7g9ynAhblv3bY5rcwFzl7zXzQ&dib_tag=se&keywords=alchemist&qid=1784424757&s=books&sprefix=alchemised%252Cstripbooks%252C265&sr=1-1;855101305X